{"cameraMode":{"drawMode":0,"name":"Shaded","section":"Shading Mode"},"sceneLighting":false,"audioPlay":false,"sceneViewState":{"showFog":true,"showMaterialUpdate":false,"showSkybox":true,"showFlares":true,"showImageEffects":true,"showParticleSystems":true},"in2DMode":false,"pivot":{"x":3.1475911140441896,"y":34.696685791015628,"z":343.03802490234377},"rotation":{"x":-0.3100557029247284,"y":-0.01797008141875267,"z":0.005861673969775438,"w":-0.9505314826965332},"size":20.29862403869629,"orthographic":false}